,Supplier_Lead_Time,Inventory_Levels,Order_Frequency,Delivery_Performance,Cost_Per_Unit
Supplier_Lead_Time,1.0,0.40240864640863505,-0.8891632958066085,-0.9063349880521943,0.9544388171312533
Inventory_Levels,0.40240864640863505,1.0,-0.34144267776874965,-0.42787991703908407,0.3981262564123728
Order_Frequency,-0.8891632958066085,-0.34144267776874965,1.0,0.7950191533466548,-0.8342999484234533
Delivery_Performance,-0.9063349880521943,-0.42787991703908407,0.7950191533466548,1.0,-0.9105655743350155
Cost_Per_Unit,0.9544388171312533,0.3981262564123728,-0.8342999484234533,-0.9105655743350155,1.0
